{"errors":[],"warnings":[],"namedChunkGroups":{"polyfill":{"chunks":[2,0,7],"assets":["webpack-runtime-6130fac5f2171206cecb.js","webpack-runtime-6130fac5f2171206cecb.js.map","commons-1393311d372ab5104676.js","commons-1393311d372ab5104676.js.map","polyfill-30798f215e3d2888160f.js","polyfill-30798f215e3d2888160f.js.map"],"children":{},"childAssets":{}},"app":{"chunks":[2,6,0,3],"assets":["webpack-runtime-6130fac5f2171206cecb.js","webpack-runtime-6130fac5f2171206cecb.js.map","framework-b184e9a11f9b35f26f7b.js","framework-b184e9a11f9b35f26f7b.js.map","commons-1393311d372ab5104676.js","commons-1393311d372ab5104676.js.map","app-0ce7ecc4b05983686f28.js","app-0ce7ecc4b05983686f28.js.map"],"children":{},"childAssets":{}},"component---src-pages-404-js":{"chunks":[1,0,4],"assets":["styles.297fd86f68139fa832da.css","styles-e9d24b1846c7d6eb9685.js","styles-e9d24b1846c7d6eb9685.js.map","commons-1393311d372ab5104676.js","commons-1393311d372ab5104676.js.map","component---src-pages-404-js-3183197d070c8c7fa5e7.js","component---src-pages-404-js-3183197d070c8c7fa5e7.js.map"],"children":{},"childAssets":{}},"component---src-pages-index-js":{"chunks":[1,0,5],"assets":["styles.297fd86f68139fa832da.css","styles-e9d24b1846c7d6eb9685.js","styles-e9d24b1846c7d6eb9685.js.map","commons-1393311d372ab5104676.js","commons-1393311d372ab5104676.js.map","component---src-pages-index-js-359000ce95179961aa1d.js","component---src-pages-index-js-359000ce95179961aa1d.js.map"],"children":{},"childAssets":{}}},"assetsByChunkName":{"polyfill":["webpack-runtime-6130fac5f2171206cecb.js","commons-1393311d372ab5104676.js","polyfill-30798f215e3d2888160f.js"],"app":["webpack-runtime-6130fac5f2171206cecb.js","framework-b184e9a11f9b35f26f7b.js","commons-1393311d372ab5104676.js","app-0ce7ecc4b05983686f28.js"],"component---src-pages-404-js":["styles.297fd86f68139fa832da.css","styles-e9d24b1846c7d6eb9685.js","commons-1393311d372ab5104676.js","component---src-pages-404-js-3183197d070c8c7fa5e7.js"],"component---src-pages-index-js":["styles.297fd86f68139fa832da.css","styles-e9d24b1846c7d6eb9685.js","commons-1393311d372ab5104676.js","component---src-pages-index-js-359000ce95179961aa1d.js"]}}