{"data":{"saasJson":{"Service":[{"id":1,"title":"App Development","description":"We are specialized at custom Saas Application Development and special features .","icon":"flaticon-briefing"},{"id":2,"title":"10 Times Award","description":"We are globally recognised for our services and won a lot of prices around the world .","icon":"flaticon-trophy"},{"id":3,"title":"Cloud Stroage","description":"LiteSpeed Web Server known for its high performance and low resource consumption.","icon":"flaticon-atom"},{"id":4,"title":"Client Satisfaction","description":"Client Satisfaction is our first priority and We are best at it .Keep In Touch.","icon":"flaticon-ruler"},{"id":5,"title":"UX Planning","description":"We provide the best UI/UX Design by following the latest trends of the market  .","icon":"flaticon-creative"},{"id":6,"title":"Customer Support","description":"A Dedicated support team is always ready to provide best support to our customers.","icon":"flaticon-conversation"}]}}}