{"data":{"saasJson":{"Features":[{"id":1,"title":"Powerful Features","description":"Automate time consuming tasks like organising expenses ,tracking your time and following up with clients ","icon":"flaticon-creative"},{"id":2,"title":"Easy Invoicing","description":"Want to surprice your clients with professional looking invoices ? Then you are some clicks behind .","icon":"flaticon-briefing"},{"id":3,"title":"Easy To Use","description":"Very Simple and intuitive. So you have to spend less time in paperwork and impress your customer with looks","icon":"flaticon-flask"}]}}}